<?xml version="1.0" encoding="UTF-8"?>
<configurationDescriptor version="62">
  <logicalFolder name="root" displayName="root" projectFiles="true">
    <logicalFolder name="ExternalFiles" displayName="Important Files" projectFiles="true">
      <itemPath>Makefile</itemPath>
    </logicalFolder>
    <logicalFolder name="HeaderFiles" displayName="Header Files" projectFiles="true">
      <logicalFolder name="f2" displayName="Libraries" projectFiles="true">
        <itemPath>leds.h</itemPath>
        <itemPath>system.h</itemPath>
        <itemPath>time.h</itemPath>
      </logicalFolder>
    </logicalFolder>
    <logicalFolder name="LinkerScript" displayName="LinkerFiles" projectFiles="true">
    </logicalFolder>
    <logicalFolder name="SourceFiles" displayName="Source Files" projectFiles="true">
      <itemPath>main.c</itemPath>
      <logicalFolder name="f1" displayName="Libraries" projectFiles="true">
        <itemPath>time.c</itemPath>
      </logicalFolder>
    </logicalFolder>
  </logicalFolder>
  <sourceRootList>
    <Elem>.</Elem>
  </sourceRootList>
  <projectmakefile>Makefile</projectmakefile>
  <confs>
    <conf name="P-Star_25K50" type="2">
      <toolsSet>
        <targetDevice>PIC18F25K50</targetDevice>
        <platformTool>Simulator</platformTool>
        <languageToolchain>XC8</languageToolchain>
        <platform>3</platform>
      </toolsSet>
      <HI-TECH-COMP>
        <property key="warning-level" value="-3"/>
      </HI-TECH-COMP>
      <HI-TECH-LINK>
        <property key="additional-options-code-offset" value="0x2000"/>
        <appendMe value="--msgdisable=1311:off"/>
      </HI-TECH-LINK>
    </conf>
    <conf name="P-Star_45K50" type="2">
      <toolsSet>
        <targetDevice>PIC18F45K50</targetDevice>
        <platformTool>Simulator</platformTool>
        <languageToolchain>XC8</languageToolchain>
        <platform>3</platform>
      </toolsSet>
      <HI-TECH-COMP>
        <property key="warning-level" value="-3"/>
      </HI-TECH-COMP>
      <HI-TECH-LINK>
        <property key="additional-options-code-offset" value="0x2000"/>
        <appendMe value="--msgdisable=1311:off"/>
      </HI-TECH-LINK>
    </conf>
  </confs>
</configurationDescriptor>
