<?xml version="1.0" encoding="UTF-8"?>
<project xmlns="http://www.netbeans.org/ns/project/1">
    <type>com.microchip.mplab.nbide.embedded.makeproject</type>
    <configuration>
        <data xmlns="http://www.netbeans.org/ns/make-project/1">
            <name>usb-pressure-sensor-lps25h</name>
            <creation-uuid>7a61beb1-2427-4da3-a761-c0334a4b26a1</creation-uuid>
            <make-project-type>0</make-project-type>
            <c-extensions>c</c-extensions>
            <cpp-extensions/>
            <header-extensions>h</header-extensions>
            <asminc-extensions/>
            <sourceEncoding>ISO-8859-1</sourceEncoding>
            <make-dep-projects/>
        </data>
    </configuration>
</project>
